Timestamp,Track_ID,Violation_Type,Plate_Number
2026-08-28 21:59:12,2,SUDDEN_LANE_CHANGE,Searching Plate...
2026-08-28 22:00:40,15,SUDDEN_LANE_CHANGE,Searching Plate...
2026-08-28 22:00:59,16,SUDDEN_LANE_CHANGE,Searching Plate...
2026-08-28 22:04:06,26,SUDDEN_LANE_CHANGE,EAHGL
2026-08-28 22:04:35,2,SUDDEN_LANE_CHANGE,Searching Plate...
2026-08-28 22:08:15,15,SUDDEN_LANE_CHANGE,Searching Plate...
2026-08-28 22:08:41,16,SUDDEN_LANE_CHANGE,Searching Plate...
2026-08-28 23:02:57,2,SUDDEN_LANE_CHANGE,3J6
2026-08-28 23:02:59,6,SUDDEN_LANE_CHANGE,Searching Plate...
2026-08-28 23:03:29,9,SUDDEN_LANE_CHANGE,IV0
2026-09-07 19:59:14,CAM_01_NORTH_JUNCTION,1,NO_SEATBELT,Searching Plate...,54.0%,EV_1_NO_SEATBELT_20260907_195914_796.jpg
2026-09-07 19:59:15,CAM_01_NORTH_JUNCTION,4,NO_SEATBELT,Searching Plate...,52.0%,EV_4_NO_SEATBELT_20260907_195915_460.jpg
2026-09-07 19:59:15,CAM_01_NORTH_JUNCTION,6,NO_SEATBELT,3381,52.9%,EV_6_NO_SEATBELT_20260907_195915_908.jpg
2026-09-07 19:59:16,CAM_01_NORTH_JUNCTION,8,NO_SEATBELT,Searching Plate...,51.7%,EV_8_NO_SEATBELT_20260907_195916_245.jpg
2026-09-07 19:59:16,CAM_01_NORTH_JUNCTION,9,NO_SEATBELT,Searching Plate...,58.5%,EV_9_NO_SEATBELT_20260907_195916_489.jpg
2026-09-07 19:59:19,CAM_01_NORTH_JUNCTION,10,NO_SEATBELT,Searching Plate...,50.7%,EV_10_NO_SEATBELT_20260907_195919_658.jpg
2026-09-07 19:59:19,CAM_01_NORTH_JUNCTION,13,NO_SEATBELT,Searching Plate...,51.3%,EV_13_NO_SEATBELT_20260907_195919_953.jpg
2026-09-07 19:59:28,CAM_01_NORTH_JUNCTION,14,NO_SEATBELT,Searching Plate...,50.2%,EV_14_NO_SEATBELT_20260907_195928_629.jpg
2026-09-07 19:59:38,CAM_01_NORTH_JUNCTION,2,NO_SEATBELT,Searching Plate...,50.7%,EV_2_NO_SEATBELT_20260907_195938_414.jpg
2026-09-07 19:59:42,CAM_01_NORTH_JUNCTION,16,NO_SEATBELT,Searching Plate...,53.3%,EV_16_NO_SEATBELT_20260907_195942_767.jpg
2026-09-07 19:59:44,CAM_01_NORTH_JUNCTION,11,NO_SEATBELT,Searching Plate...,51.5%,EV_11_NO_SEATBELT_20260907_195944_816.jpg
2026-09-07 20:00:40,CAM_01_NORTH_JUNCTION,2,SUDDEN_LANE_CHANGE,Searching Plate...,92.0%,EV_2_SUDDEN_LANE_CHANGE_20260907_200040_691.jpg
2026-09-07 20:01:05,CAM_01_NORTH_JUNCTION,14,SUDDEN_LANE_CHANGE,3376,92.0%,EV_14_SUDDEN_LANE_CHANGE_20260907_200105_353.jpg
2026-09-07 20:01:33,CAM_01_NORTH_JUNCTION,17,SUDDEN_LANE_CHANGE,PJWL71,92.0%,EV_17_SUDDEN_LANE_CHANGE_20260907_200133_575.jpg
2026-09-07 20:04:50,CAM_01_NORTH_JUNCTION,40,NO_SEATBELT,Searching Plate...,50.0%,EV_40_NO_SEATBELT_20260907_200450_050.jpg
2026-09-07 20:13:57,CAM_01_NORTH_JUNCTION,17,NO_SEATBELT,PJWL71,50.9%,EV_17_NO_SEATBELT_20260907_201357_110.jpg
2026-09-07 20:17:27,CAM_01_NORTH_JUNCTION,5,NO_SEATBELT,S7E5,50.8%,EV_5_NO_SEATBELT_20260907_201727_516.jpg
2026-09-07 20:18:13,CAM_01_NORTH_JUNCTION,39,NO_SEATBELT,Searching Plate...,53.3%,EV_39_NO_SEATBELT_20260907_201813_221.jpg
2026-09-07 20:18:25,CAM_01_NORTH_JUNCTION,69,NO_SEATBELT,Searching Plate...,51.9%,EV_69_NO_SEATBELT_20260907_201825_079.jpg
2026-09-07 20:19:11,CAM_01_NORTH_JUNCTION,10,NO_SEATBELT,Searching Plate...,50.2%,EV_10_NO_SEATBELT_20260907_201911_856.jpg
2026-09-07 20:20:50,CAM_01_NORTH_JUNCTION,3,NO_SEATBELT,XCSZJ,51.7%,EV_3_NO_SEATBELT_20260907_202050_988.jpg
2026-09-07 20:23:43,CAM_01_NORTH_JUNCTION,102,NO_SEATBELT,Searching Plate...,50.5%,EV_102_NO_SEATBELT_20260907_202343_744.jpg
2026-09-07 20:24:25,CAM_01_NORTH_JUNCTION,128,NO_SEATBELT,Searching Plate...,57.1%,EV_128_NO_SEATBELT_20260907_202425_715.jpg
2026-09-07 20:24:35,CAM_01_NORTH_JUNCTION,96,SUDDEN_LANE_CHANGE,Searching Plate...,92.0%,EV_96_SUDDEN_LANE_CHANGE_20260907_202435_366.jpg
2026-09-07 20:26:14,CAM_01_NORTH_JUNCTION,102,SUDDEN_LANE_CHANGE,Searching Plate...,92.0%,EV_102_SUDDEN_LANE_CHANGE_20260907_202614_868.jpg
2026-09-07 20:27:21,CAM_01_NORTH_JUNCTION,161,NO_SEATBELT,Searching Plate...,51.9%,EV_161_NO_SEATBELT_20260907_202721_111.jpg
2026-09-07 20:27:55,CAM_01_NORTH_JUNCTION,185,NO_SEATBELT,Searching Plate...,50.3%,EV_185_NO_SEATBELT_20260907_202755_910.jpg
2026-09-07 20:28:00,CAM_01_NORTH_JUNCTION,134,NO_SEATBELT,Searching Plate...,50.5%,EV_134_NO_SEATBELT_20260907_202800_082.jpg
2026-09-07 20:28:23,CAM_01_NORTH_JUNCTION,207,NO_SEATBELT,Searching Plate...,51.9%,EV_207_NO_SEATBELT_20260907_202823_552.jpg
2026-09-07 20:29:56,CAM_01_NORTH_JUNCTION,7,NO_SEATBELT,Searching Plate...,51.2%,EV_7_NO_SEATBELT_20260907_202956_591.jpg
2026-09-07 20:30:48,CAM_01_NORTH_JUNCTION,11,NO_SEATBELT,Searching Plate...,50.8%,EV_11_NO_SEATBELT_20260907_203048_404.jpg
2026-09-07 20:30:55,CAM_01_NORTH_JUNCTION,16,NO_SEATBELT,Searching Plate...,56.8%,EV_16_NO_SEATBELT_20260907_203055_178.jpg
2026-09-07 20:30:57,CAM_01_NORTH_JUNCTION,175,SUDDEN_LANE_CHANGE,Searching Plate...,92.0%,EV_175_SUDDEN_LANE_CHANGE_20260907_203057_469.jpg
2026-09-07 20:31:05,CAM_01_NORTH_JUNCTION,10,NO_SEATBELT,Searching Plate...,50.3%,EV_10_NO_SEATBELT_20260907_203105_464.jpg
2026-09-07 20:32:09,CAM_01_NORTH_JUNCTION,252,NO_SEATBELT,Searching Plate...,84.8%,EV_252_NO_SEATBELT_20260907_203209_843.jpg
2026-09-07 20:33:28,CAM_01_NORTH_JUNCTION,348,NO_SEATBELT,Searching Plate...,84.8%,EV_348_NO_SEATBELT_20260907_203328_333.jpg
2026-09-07 20:33:28,CAM_01_NORTH_JUNCTION,349,NO_SEATBELT,Searching Plate...,84.8%,EV_349_NO_SEATBELT_20260907_203328_395.jpg
2026-09-07 20:33:28,CAM_01_NORTH_JUNCTION,350,NO_SEATBELT,Searching Plate...,84.8%,EV_350_NO_SEATBELT_20260907_203328_466.jpg
2026-09-07 20:33:28,CAM_01_NORTH_JUNCTION,351,NO_SEATBELT,Searching Plate...,84.8%,EV_351_NO_SEATBELT_20260907_203328_546.jpg
2026-09-07 20:33:28,CAM_01_NORTH_JUNCTION,352,NO_SEATBELT,Searching Plate...,84.8%,EV_352_NO_SEATBELT_20260907_203328_624.jpg
2026-09-07 20:33:29,CAM_01_NORTH_JUNCTION,357,NO_SEATBELT,Searching Plate...,84.8%,EV_357_NO_SEATBELT_20260907_203329_419.jpg
2026-09-07 20:33:29,CAM_01_NORTH_JUNCTION,345,NO_SEATBELT,Searching Plate...,84.8%,EV_345_NO_SEATBELT_20260907_203329_912.jpg
2026-09-07 20:33:33,CAM_01_NORTH_JUNCTION,359,NO_SEATBELT,Searching Plate...,84.8%,EV_359_NO_SEATBELT_20260907_203333_212.jpg
2026-09-07 20:33:46,CAM_01_NORTH_JUNCTION,344,SUDDEN_LANE_CHANGE,Searching Plate...,92.0%,EV_344_SUDDEN_LANE_CHANGE_20260907_203346_083.jpg
2026-09-07 20:33:48,CAM_01_NORTH_JUNCTION,356,SUDDEN_LANE_CHANGE,3376,92.0%,EV_356_SUDDEN_LANE_CHANGE_20260907_203348_368.jpg
2026-09-07 20:33:48,CAM_01_NORTH_JUNCTION,360,NO_SEATBELT,PJWL71,84.8%,EV_360_NO_SEATBELT_20260907_203348_740.jpg
2026-09-07 20:33:49,CAM_01_NORTH_JUNCTION,363,NO_SEATBELT,Searching Plate...,84.8%,EV_363_NO_SEATBELT_20260907_203349_101.jpg
2026-09-07 20:33:53,CAM_01_NORTH_JUNCTION,360,SUDDEN_LANE_CHANGE,PJWL71,92.0%,EV_360_SUDDEN_LANE_CHANGE_20260907_203353_657.jpg
2026-09-07 20:33:59,CAM_01_NORTH_JUNCTION,378,NO_SEATBELT,Searching Plate...,84.8%,EV_378_NO_SEATBELT_20260907_203359_469.jpg
2026-09-07 20:34:02,CAM_01_NORTH_JUNCTION,382,NO_SEATBELT,Searching Plate...,84.8%,EV_382_NO_SEATBELT_20260907_203402_288.jpg
2026-09-07 20:34:03,CAM_01_NORTH_JUNCTION,385,NO_SEATBELT,Searching Plate...,84.8%,EV_385_NO_SEATBELT_20260907_203403_679.jpg
2026-09-07 20:34:03,CAM_01_NORTH_JUNCTION,386,NO_SEATBELT,Searching Plate...,84.8%,EV_386_NO_SEATBELT_20260907_203403_728.jpg
2026-09-07 20:34:14,CAM_01_NORTH_JUNCTION,406,NO_SEATBELT,Searching Plate...,84.8%,EV_406_NO_SEATBELT_20260907_203414_890.jpg
2026-09-07 20:34:18,CAM_01_NORTH_JUNCTION,415,NO_SEATBELT,Searching Plate...,84.8%,EV_415_NO_SEATBELT_20260907_203418_475.jpg
2026-09-07 20:34:19,CAM_01_NORTH_JUNCTION,347,NO_SEATBELT,S7E5,84.8%,EV_347_NO_SEATBELT_20260907_203419_475.jpg
2026-09-07 20:34:20,CAM_01_NORTH_JUNCTION,343,NO_SEATBELT,Searching Plate...,84.8%,EV_343_NO_SEATBELT_20260907_203420_017.jpg
2026-09-07 20:34:25,CAM_01_NORTH_JUNCTION,356,NO_SEATBELT,3376,84.8%,EV_356_NO_SEATBELT_20260907_203425_216.jpg
2026-09-07 20:34:26,CAM_01_NORTH_JUNCTION,346,NO_SEATBELT,Searching Plate...,84.8%,EV_346_NO_SEATBELT_20260907_203426_922.jpg
2026-09-07 20:34:38,CAM_01_NORTH_JUNCTION,448,NO_SEATBELT,Searching Plate...,84.8%,EV_448_NO_SEATBELT_20260907_203438_329.jpg
2026-09-07 20:34:53,CAM_01_NORTH_JUNCTION,442,SUDDEN_LANE_CHANGE,Searching Plate...,92.0%,EV_442_SUDDEN_LANE_CHANGE_20260907_203453_880.jpg
2026-09-07 20:35:02,CAM_01_NORTH_JUNCTION,448,SUDDEN_LANE_CHANGE,Searching Plate...,92.0%,EV_448_SUDDEN_LANE_CHANGE_20260907_203502_397.jpg
2026-09-07 20:35:03,CAM_01_NORTH_JUNCTION,480,NO_SEATBELT,Searching Plate...,84.8%,EV_480_NO_SEATBELT_20260907_203503_245.jpg
2026-09-07 20:35:10,CAM_01_NORTH_JUNCTION,513,NO_SEATBELT,Searching Plate...,84.8%,EV_513_NO_SEATBELT_20260907_203510_741.jpg
2026-09-07 20:35:13,CAM_01_NORTH_JUNCTION,521,NO_SEATBELT,Searching Plate...,84.8%,EV_521_NO_SEATBELT_20260907_203513_431.jpg
2026-09-07 20:35:17,CAM_01_NORTH_JUNCTION,531,NO_SEATBELT,Searching Plate...,84.8%,EV_531_NO_SEATBELT_20260907_203517_145.jpg
2026-09-07 20:35:19,CAM_01_NORTH_JUNCTION,539,NO_SEATBELT,Searching Plate...,84.8%,EV_539_NO_SEATBELT_20260907_203519_677.jpg
2026-09-07 20:35:30,CAM_01_NORTH_JUNCTION,553,NO_SEATBELT,Searching Plate...,84.8%,EV_553_NO_SEATBELT_20260907_203530_466.jpg
2026-09-07 20:35:48,CAM_01_NORTH_JUNCTION,344,NO_SEATBELT,Searching Plate...,84.8%,EV_344_NO_SEATBELT_20260907_203548_734.jpg
2026-09-07 20:35:52,CAM_01_NORTH_JUNCTION,521,SUDDEN_LANE_CHANGE,Searching Plate...,92.0%,EV_521_SUDDEN_LANE_CHANGE_20260907_203552_094.jpg
2026-09-07 20:36:01,CAM_01_NORTH_JUNCTION,598,NO_SEATBELT,Searching Plate...,84.8%,EV_598_NO_SEATBELT_20260907_203601_236.jpg
2026-09-07 20:36:27,CAM_01_NORTH_JUNCTION,694,NO_SEATBELT,Searching Plate...,84.8%,EV_694_NO_SEATBELT_20260907_203627_209.jpg
2026-09-07 20:36:27,CAM_01_NORTH_JUNCTION,695,NO_SEATBELT,Searching Plate...,84.8%,EV_695_NO_SEATBELT_20260907_203627_260.jpg
2026-09-07 20:36:27,CAM_01_NORTH_JUNCTION,696,NO_SEATBELT,Searching Plate...,84.8%,EV_696_NO_SEATBELT_20260907_203627_343.jpg
2026-09-07 20:36:27,CAM_01_NORTH_JUNCTION,697,NO_SEATBELT,Searching Plate...,84.8%,EV_697_NO_SEATBELT_20260907_203627_406.jpg
2026-09-07 20:36:27,CAM_01_NORTH_JUNCTION,698,NO_SEATBELT,Searching Plate...,84.8%,EV_698_NO_SEATBELT_20260907_203627_472.jpg
2026-09-07 20:36:28,CAM_01_NORTH_JUNCTION,703,NO_SEATBELT,Searching Plate...,84.8%,EV_703_NO_SEATBELT_20260907_203628_520.jpg
2026-09-07 20:36:29,CAM_01_NORTH_JUNCTION,691,NO_SEATBELT,Searching Plate...,84.8%,EV_691_NO_SEATBELT_20260907_203629_127.jpg
2026-09-07 20:36:32,CAM_01_NORTH_JUNCTION,705,NO_SEATBELT,Searching Plate...,84.8%,EV_705_NO_SEATBELT_20260907_203632_820.jpg
2026-09-07 20:37:43,CAM_01_NORTH_JUNCTION,4,NO_SEATBELT,Searching Plate...,50.4%,EV_4_NO_SEATBELT_20260907_203743_972.jpg
2026-09-07 20:37:47,CAM_01_NORTH_JUNCTION,14,NO_SEATBELT,Searching Plate...,51.8%,EV_14_NO_SEATBELT_20260907_203747_054.jpg
2026-09-07 20:37:53,CAM_01_NORTH_JUNCTION,3,NO_SEATBELT,Searching Plate...,51.4%,EV_3_NO_SEATBELT_20260907_203753_317.jpg
2026-09-07 20:38:16,CAM_01_NORTH_JUNCTION,3,SUDDEN_LANE_CHANGE,Searching Plate...,92.0%,EV_3_SUDDEN_LANE_CHANGE_20260907_203816_569.jpg
2026-09-07 20:38:16,CAM_01_NORTH_JUNCTION,4,SUDDEN_LANE_CHANGE,7701,92.0%,EV_4_SUDDEN_LANE_CHANGE_20260907_203816_992.jpg
2026-09-07 20:38:18,CAM_01_NORTH_JUNCTION,15,NO_SEATBELT,Searching Plate...,52.2%,EV_15_NO_SEATBELT_20260907_203818_301.jpg
2026-09-07 20:38:20,CAM_01_NORTH_JUNCTION,6,NO_SEATBELT,Searching Plate...,52.1%,EV_6_NO_SEATBELT_20260907_203820_744.jpg
2026-09-07 20:39:29,CAM_01_NORTH_JUNCTION,1,NO_SEATBELT,Searching Plate...,59.1%,EV_1_NO_SEATBELT_20260907_203929_082.jpg
2026-09-07 20:39:30,CAM_01_NORTH_JUNCTION,2,NO_SEATBELT,Searching Plate...,56.1%,EV_2_NO_SEATBELT_20260907_203930_587.jpg
2026-09-07 20:39:35,CAM_01_NORTH_JUNCTION,5,NO_SEATBELT,Searching Plate...,58.0%,EV_5_NO_SEATBELT_20260907_203935_347.jpg
2026-09-07 20:39:37,CAM_01_NORTH_JUNCTION,7,NO_SEATBELT,Searching Plate...,55.2%,EV_7_NO_SEATBELT_20260907_203937_291.jpg
2026-09-07 20:39:45,CAM_01_NORTH_JUNCTION,3,NO_SEATBELT,Searching Plate...,50.5%,EV_3_NO_SEATBELT_20260907_203945_767.jpg
2026-09-07 20:39:46,CAM_01_NORTH_JUNCTION,4,NO_SEATBELT,Searching Plate...,55.9%,EV_4_NO_SEATBELT_20260907_203946_901.jpg
2026-09-07 20:40:24,CAM_01_NORTH_JUNCTION,9,NO_SEATBELT,Searching Plate...,51.1%,EV_9_NO_SEATBELT_20260907_204024_011.jpg
2026-09-07 20:41:54,CAM_01_NORTH_JUNCTION,16,NO_SEATBELT,Searching Plate...,51.8%,EV_16_NO_SEATBELT_20260907_204154_696.jpg
2026-09-07 20:42:01,CAM_01_NORTH_JUNCTION,2,NO_SEATBELT,Searching Plate...,50.7%,EV_2_NO_SEATBELT_20260907_204201_223.jpg
2026-09-07 20:47:39,CAM_01_NORTH_JUNCTION,3,NO_SEATBELT,Searching Plate...,52.4%,EV_3_NO_SEATBELT_20260907_204739_725.jpg
2026-09-07 20:47:50,CAM_01_NORTH_JUNCTION,10,NO_SEATBELT,Searching Plate...,50.2%,EV_10_NO_SEATBELT_20260907_204750_100.jpg
2026-09-07 20:48:04,CAM_01_NORTH_JUNCTION,11,NO_SEATBELT,Searching Plate...,51.0%,EV_11_NO_SEATBELT_20260907_204804_654.jpg
2026-09-07 20:50:00,CAM_01_NORTH_JUNCTION,8,NO_SEATBELT,Searching Plate...,84.8%,EV_8_NO_SEATBELT_20260907_205000_086.jpg
2026-09-07 20:50:02,CAM_01_NORTH_JUNCTION,10,NO_SEATBELT,Searching Plate...,84.8%,EV_10_NO_SEATBELT_20260907_205002_124.jpg
2026-09-07 20:50:03,CAM_01_NORTH_JUNCTION,11,NO_SEATBELT,Searching Plate...,84.8%,EV_11_NO_SEATBELT_20260907_205003_289.jpg
2026-09-07 20:50:19,CAM_01_NORTH_JUNCTION,5,NO_SEATBELT,Searching Plate...,84.8%,EV_5_NO_SEATBELT_20260907_205019_072.jpg
2026-09-07 20:50:50,CAM_01_NORTH_JUNCTION,6,NO_SEATBELT,Searching Plate...,84.8%,EV_6_NO_SEATBELT_20260907_205050_078.jpg
2026-09-07 20:50:55,CAM_01_NORTH_JUNCTION,12,NO_SEATBELT,Searching Plate...,84.8%,EV_12_NO_SEATBELT_20260907_205055_979.jpg
2026-09-07 20:51:19,CAM_01_NORTH_JUNCTION,3,SUDDEN_LANE_CHANGE,NYS3,92.0%,EV_3_SUDDEN_LANE_CHANGE_20260907_205119_764.jpg
2026-09-07 20:51:20,CAM_01_NORTH_JUNCTION,4,SUDDEN_LANE_CHANGE,Searching Plate...,92.0%,EV_4_SUDDEN_LANE_CHANGE_20260907_205120_032.jpg
2026-09-07 20:51:53,CAM_01_NORTH_JUNCTION,35,NO_SEATBELT,Searching Plate...,84.8%,EV_35_NO_SEATBELT_20260907_205153_264.jpg
2026-09-07 20:51:59,CAM_01_NORTH_JUNCTION,2,NO_SEATBELT,Searching Plate...,84.8%,EV_2_NO_SEATBELT_20260907_205159_129.jpg
2026-09-07 20:52:29,CAM_01_NORTH_JUNCTION,4,NO_SEATBELT,Searching Plate...,84.8%,EV_4_NO_SEATBELT_20260907_205229_111.jpg
2026-09-07 20:54:45,CAM_01_NORTH_JUNCTION,2,SUDDEN_LANE_CHANGE,Searching Plate...,92.0%,EV_2_SUDDEN_LANE_CHANGE_20260907_205445_338.jpg
2026-09-07 20:54:49,CAM_01_NORTH_JUNCTION,14,SUDDEN_LANE_CHANGE,3376,92.0%,EV_14_SUDDEN_LANE_CHANGE_20260907_205449_552.jpg
2026-09-07 20:56:06,CAM_03_CCTV_LONG,34,NO_SEATBELT,Searching Plate...,84.8%,EV_34_NO_SEATBELT_20260907_205606_108.jpg
2026-09-07 20:56:11,CAM_03_CCTV_LONG,34,SUDDEN_LANE_CHANGE,Searching Plate...,92.0%,EV_34_SUDDEN_LANE_CHANGE_20260907_205611_546.jpg
2026-09-07 20:56:19,CAM_03_CCTV_LONG,51,NO_SEATBELT,Searching Plate...,84.8%,EV_51_NO_SEATBELT_20260907_205619_465.jpg
2026-09-07 20:56:43,CAM_01_URBAN_4K,75,NO_SEATBELT,Searching Plate...,84.8%,EV_75_NO_SEATBELT_20260907_205643_518.jpg
2026-09-07 20:56:43,CAM_01_URBAN_4K,76,NO_SEATBELT,Searching Plate...,84.8%,EV_76_NO_SEATBELT_20260907_205643_581.jpg
2026-09-07 20:56:43,CAM_01_URBAN_4K,77,NO_SEATBELT,Searching Plate...,84.8%,EV_77_NO_SEATBELT_20260907_205643_679.jpg
2026-09-07 20:56:43,CAM_01_URBAN_4K,78,NO_SEATBELT,Searching Plate...,84.8%,EV_78_NO_SEATBELT_20260907_205643_760.jpg
2026-09-07 20:56:43,CAM_01_URBAN_4K,79,NO_SEATBELT,Searching Plate...,84.8%,EV_79_NO_SEATBELT_20260907_205643_848.jpg
2026-09-07 20:56:43,CAM_01_URBAN_4K,82,NO_SEATBELT,Searching Plate...,84.8%,EV_82_NO_SEATBELT_20260907_205643_940.jpg
2026-09-07 20:56:45,CAM_01_URBAN_4K,84,NO_SEATBELT,Searching Plate...,84.8%,EV_84_NO_SEATBELT_20260907_205645_439.jpg
2026-09-07 20:56:45,CAM_01_URBAN_4K,72,NO_SEATBELT,Searching Plate...,84.8%,EV_72_NO_SEATBELT_20260907_205645_940.jpg
2026-09-07 20:56:49,CAM_01_URBAN_4K,86,NO_SEATBELT,Searching Plate...,84.8%,EV_86_NO_SEATBELT_20260907_205649_964.jpg
2026-09-07 20:57:25,CAM_03_CCTV_LONG,94,NO_SEATBELT,Searching Plate...,84.8%,EV_94_NO_SEATBELT_20260907_205725_797.jpg
2026-09-07 20:57:27,CAM_03_CCTV_LONG,94,SUDDEN_LANE_CHANGE,Searching Plate...,92.0%,EV_94_SUDDEN_LANE_CHANGE_20260907_205727_476.jpg
2026-09-07 20:57:31,CAM_03_CCTV_LONG,111,NO_SEATBELT,Searching Plate...,84.8%,EV_111_NO_SEATBELT_20260907_205731_011.jpg
2026-09-07 20:57:43,CAM_03_CCTV_LONG,138,NO_SEATBELT,Searching Plate...,84.8%,EV_138_NO_SEATBELT_20260907_205743_775.jpg
2026-09-07 20:57:50,CAM_01_URBAN_4K,144,NO_SEATBELT,Searching Plate...,84.8%,EV_144_NO_SEATBELT_20260907_205750_033.jpg
2026-09-07 20:57:50,CAM_01_URBAN_4K,145,NO_SEATBELT,Searching Plate...,84.8%,EV_145_NO_SEATBELT_20260907_205750_089.jpg
2026-09-07 20:57:50,CAM_01_URBAN_4K,146,NO_SEATBELT,Searching Plate...,84.8%,EV_146_NO_SEATBELT_20260907_205750_156.jpg
2026-09-07 20:57:50,CAM_01_URBAN_4K,147,NO_SEATBELT,Searching Plate...,84.8%,EV_147_NO_SEATBELT_20260907_205750_240.jpg
2026-09-07 20:57:50,CAM_01_URBAN_4K,148,NO_SEATBELT,Searching Plate...,84.8%,EV_148_NO_SEATBELT_20260907_205750_313.jpg
2026-09-07 20:57:50,CAM_01_URBAN_4K,151,NO_SEATBELT,Searching Plate...,84.8%,EV_151_NO_SEATBELT_20260907_205750_720.jpg
2026-09-07 20:57:51,CAM_01_URBAN_4K,153,NO_SEATBELT,Searching Plate...,84.8%,EV_153_NO_SEATBELT_20260907_205751_781.jpg
2026-09-07 20:57:52,CAM_01_URBAN_4K,141,NO_SEATBELT,Searching Plate...,84.8%,EV_141_NO_SEATBELT_20260907_205752_225.jpg
2026-09-07 20:57:55,CAM_01_URBAN_4K,155,NO_SEATBELT,Searching Plate...,84.8%,EV_155_NO_SEATBELT_20260907_205755_932.jpg
2026-09-07 20:58:05,CAM_01_URBAN_4K,140,SUDDEN_LANE_CHANGE,Searching Plate...,92.0%,EV_140_SUDDEN_LANE_CHANGE_20260907_205805_926.jpg
2026-09-07 20:58:06,CAM_01_URBAN_4K,152,SUDDEN_LANE_CHANGE,3376,92.0%,EV_152_SUDDEN_LANE_CHANGE_20260907_205806_922.jpg
2026-09-07 20:58:07,CAM_01_URBAN_4K,156,NO_SEATBELT,PJWL71,84.8%,EV_156_NO_SEATBELT_20260907_205807_410.jpg
2026-09-07 20:58:07,CAM_01_URBAN_4K,159,NO_SEATBELT,Searching Plate...,84.8%,EV_159_NO_SEATBELT_20260907_205807_594.jpg
2026-09-07 20:58:12,CAM_01_URBAN_4K,156,SUDDEN_LANE_CHANGE,PJWL71,92.0%,EV_156_SUDDEN_LANE_CHANGE_20260907_205812_317.jpg
2026-09-07 20:58:19,CAM_01_URBAN_4K,172,NO_SEATBELT,Searching Plate...,84.8%,EV_172_NO_SEATBELT_20260907_205819_334.jpg
2026-09-07 20:58:24,CAM_01_URBAN_4K,178,NO_SEATBELT,Searching Plate...,84.8%,EV_178_NO_SEATBELT_20260907_205824_823.jpg
2026-09-07 20:58:24,CAM_01_URBAN_4K,179,NO_SEATBELT,Searching Plate...,84.8%,EV_179_NO_SEATBELT_20260907_205824_908.jpg
2026-09-07 20:58:39,CAM_01_URBAN_4K,199,NO_SEATBELT,Searching Plate...,84.8%,EV_199_NO_SEATBELT_20260907_205839_833.jpg
2026-09-07 20:58:44,CAM_01_URBAN_4K,208,NO_SEATBELT,Searching Plate...,84.8%,EV_208_NO_SEATBELT_20260907_205844_250.jpg
2026-09-07 20:58:45,CAM_01_URBAN_4K,143,NO_SEATBELT,S7E5,84.8%,EV_143_NO_SEATBELT_20260907_205845_986.jpg
2026-09-07 20:58:46,CAM_01_URBAN_4K,139,NO_SEATBELT,Searching Plate...,84.8%,EV_139_NO_SEATBELT_20260907_205846_736.jpg
2026-09-07 20:58:53,CAM_01_URBAN_4K,152,NO_SEATBELT,3376,84.8%,EV_152_NO_SEATBELT_20260907_205853_654.jpg
2026-09-07 20:58:55,CAM_01_URBAN_4K,142,NO_SEATBELT,Searching Plate...,84.8%,EV_142_NO_SEATBELT_20260907_205855_921.jpg
2026-09-07 20:59:16,CAM_01_URBAN_4K,241,NO_SEATBELT,Searching Plate...,84.8%,EV_241_NO_SEATBELT_20260907_205916_304.jpg
2026-09-07 21:00:07,CAM_01_URBAN_4K,235,SUDDEN_LANE_CHANGE,Searching Plate...,92.0%,EV_235_SUDDEN_LANE_CHANGE_20260907_210007_073.jpg
2026-09-07 21:00:38,CAM_01_URBAN_4K,241,SUDDEN_LANE_CHANGE,Searching Plate...,92.0%,EV_241_SUDDEN_LANE_CHANGE_20260907_210038_584.jpg
2026-09-07 21:00:41,CAM_01_URBAN_4K,273,NO_SEATBELT,Searching Plate...,84.8%,EV_273_NO_SEATBELT_20260907_210041_295.jpg
2026-09-07 21:01:01,CAM_02_HIGHWAY,302,NO_SEATBELT,MIJMRU,84.8%,EV_302_NO_SEATBELT_20260907_210101_701.jpg
2026-09-07 21:01:02,CAM_02_HIGHWAY,304,NO_SEATBELT,Searching Plate...,84.8%,EV_304_NO_SEATBELT_20260907_210102_229.jpg
2026-09-07 21:01:02,CAM_02_HIGHWAY,305,NO_SEATBELT,Searching Plate...,84.8%,EV_305_NO_SEATBELT_20260907_210102_392.jpg
2026-09-07 21:01:02,CAM_02_HIGHWAY,306,NO_SEATBELT,7QKO,84.8%,EV_306_NO_SEATBELT_20260907_210102_536.jpg
2026-09-07 21:01:02,CAM_02_HIGHWAY,307,NO_SEATBELT,WICU,84.8%,EV_307_NO_SEATBELT_20260907_210102_684.jpg
2026-09-07 21:01:03,CAM_02_HIGHWAY,308,NO_SEATBELT,Searching Plate...,84.8%,EV_308_NO_SEATBELT_20260907_210103_017.jpg
2026-09-07 21:01:03,CAM_02_HIGHWAY,309,NO_SEATBELT,Searching Plate...,84.8%,EV_309_NO_SEATBELT_20260907_210103_292.jpg
2026-09-07 21:01:03,CAM_02_HIGHWAY,310,NO_SEATBELT,Searching Plate...,84.8%,EV_310_NO_SEATBELT_20260907_210103_645.jpg
2026-09-07 21:01:04,CAM_02_HIGHWAY,312,NO_SEATBELT,Searching Plate...,84.8%,EV_312_NO_SEATBELT_20260907_210104_046.jpg
2026-09-07 21:01:04,CAM_02_HIGHWAY,313,NO_SEATBELT,Searching Plate...,84.8%,EV_313_NO_SEATBELT_20260907_210104_137.jpg
2026-09-07 21:01:04,CAM_02_HIGHWAY,315,NO_SEATBELT,Searching Plate...,84.8%,EV_315_NO_SEATBELT_20260907_210104_239.jpg
2026-09-07 21:01:04,CAM_02_HIGHWAY,316,NO_SEATBELT,Searching Plate...,84.8%,EV_316_NO_SEATBELT_20260907_210104_332.jpg
2026-09-07 21:01:07,CAM_02_HIGHWAY,303,NO_SEATBELT,Searching Plate...,84.8%,EV_303_NO_SEATBELT_20260907_210107_018.jpg
2026-09-07 21:01:08,CAM_02_HIGHWAY,320,NO_SEATBELT,Searching Plate...,84.8%,EV_320_NO_SEATBELT_20260907_210108_336.jpg
2026-09-07 21:01:13,CAM_02_HIGHWAY,322,NO_SEATBELT,Searching Plate...,84.8%,EV_322_NO_SEATBELT_20260907_210113_353.jpg
2026-09-07 21:01:17,CAM_02_HIGHWAY,328,NO_SEATBELT,Searching Plate...,84.8%,EV_328_NO_SEATBELT_20260907_210117_877.jpg
2026-09-07 21:01:19,CAM_02_HIGHWAY,329,NO_SEATBELT,Searching Plate...,84.8%,EV_329_NO_SEATBELT_20260907_210119_063.jpg
2026-09-07 21:01:20,CAM_02_HIGHWAY,331,NO_SEATBELT,Searching Plate...,84.8%,EV_331_NO_SEATBELT_20260907_210120_198.jpg
2026-09-07 21:01:24,CAM_02_HIGHWAY,342,NO_SEATBELT,Searching Plate...,84.8%,EV_342_NO_SEATBELT_20260907_210124_799.jpg
2026-09-07 21:01:27,CAM_02_HIGHWAY,311,NO_SEATBELT,Searching Plate...,84.8%,EV_311_NO_SEATBELT_20260907_210127_903.jpg
2026-09-07 21:01:30,CAM_02_HIGHWAY,314,NO_SEATBELT,Searching Plate...,84.8%,EV_314_NO_SEATBELT_20260907_210130_504.jpg
2026-09-07 21:01:36,CAM_02_HIGHWAY,353,NO_SEATBELT,Searching Plate...,84.8%,EV_353_NO_SEATBELT_20260907_210136_227.jpg
2026-09-07 21:02:19,CAM_02_HIGHWAY,365,NO_SEATBELT,Searching Plate...,84.8%,EV_365_NO_SEATBELT_20260907_210219_766.jpg
2026-09-07 21:02:24,CAM_02_HIGHWAY,376,NO_SEATBELT,Searching Plate...,84.8%,EV_376_NO_SEATBELT_20260907_210224_536.jpg
2026-09-07 21:02:35,CAM_02_HIGHWAY,384,NO_SEATBELT,Searching Plate...,84.8%,EV_384_NO_SEATBELT_20260907_210235_744.jpg
2026-09-07 21:02:41,CAM_02_HIGHWAY,393,NO_SEATBELT,Searching Plate...,84.8%,EV_393_NO_SEATBELT_20260907_210241_601.jpg
2026-09-07 21:03:00,CAM_02_HIGHWAY,409,NO_SEATBELT,Searching Plate...,84.8%,EV_409_NO_SEATBELT_20260907_210300_902.jpg
2026-09-07 21:03:02,CAM_02_HIGHWAY,410,NO_SEATBELT,Searching Plate...,84.8%,EV_410_NO_SEATBELT_20260907_210302_518.jpg
2026-09-07 21:03:16,CAM_02_HIGHWAY,420,NO_SEATBELT,Searching Plate...,84.8%,EV_420_NO_SEATBELT_20260907_210316_329.jpg
2026-09-07 21:03:19,CAM_02_HIGHWAY,425,NO_SEATBELT,Searching Plate...,84.8%,EV_425_NO_SEATBELT_20260907_210319_939.jpg
2026-09-07 21:03:20,CAM_02_HIGHWAY,426,NO_SEATBELT,Searching Plate...,84.8%,EV_426_NO_SEATBELT_20260907_210320_047.jpg
2026-09-07 21:03:21,CAM_02_HIGHWAY,431,NO_SEATBELT,Searching Plate...,84.8%,EV_431_NO_SEATBELT_20260907_210321_715.jpg
2026-09-07 21:03:23,CAM_02_HIGHWAY,428,NO_SEATBELT,Searching Plate...,84.8%,EV_428_NO_SEATBELT_20260907_210323_904.jpg
2026-09-07 21:03:27,CAM_02_HIGHWAY,439,NO_SEATBELT,Searching Plate...,84.8%,EV_439_NO_SEATBELT_20260907_210327_574.jpg
2026-09-07 21:03:38,CAM_02_HIGHWAY,445,NO_SEATBELT,Searching Plate...,84.8%,EV_445_NO_SEATBELT_20260907_210338_519.jpg
2026-09-07 21:03:44,CAM_02_HIGHWAY,452,NO_SEATBELT,Searching Plate...,84.8%,EV_452_NO_SEATBELT_20260907_210344_982.jpg
2026-09-07 21:03:49,CAM_02_HIGHWAY,454,NO_SEATBELT,Searching Plate...,84.8%,EV_454_NO_SEATBELT_20260907_210349_876.jpg
2026-09-07 21:03:49,CAM_02_HIGHWAY,455,NO_SEATBELT,Searching Plate...,84.8%,EV_455_NO_SEATBELT_20260907_210349_997.jpg
2026-09-07 21:03:59,CAM_03_CCTV_LONG,473,NO_SEATBELT,Searching Plate...,84.8%,EV_473_NO_SEATBELT_20260907_210359_284.jpg
2026-09-07 21:04:08,CAM_03_CCTV_LONG,312,SUDDEN_LANE_CHANGE,Searching Plate...,92.0%,EV_312_SUDDEN_LANE_CHANGE_20260907_210408_583.jpg
2026-09-07 21:04:17,CAM_03_CCTV_LONG,500,NO_SEATBELT,Searching Plate...,84.8%,EV_500_NO_SEATBELT_20260907_210417_493.jpg
2026-09-07 21:04:25,CAM_03_CCTV_LONG,502,NO_SEATBELT,Searching Plate...,84.8%,EV_502_NO_SEATBELT_20260907_210425_387.jpg
2026-09-07 21:04:33,CAM_03_CCTV_LONG,503,NO_SEATBELT,Searching Plate...,84.8%,EV_503_NO_SEATBELT_20260907_210433_403.jpg
2026-09-07 21:05:23,CAM_03_CCTV_LONG,505,NO_SEATBELT,Searching Plate...,84.8%,EV_505_NO_SEATBELT_20260907_210523_720.jpg
2026-09-07 21:05:38,CAM_03_CCTV_LONG,507,NO_SEATBELT,Searching Plate...,84.8%,EV_507_NO_SEATBELT_20260907_210538_085.jpg
2026-09-07 21:05:39,CAM_03_CCTV_LONG,509,NO_SEATBELT,Searching Plate...,84.8%,EV_509_NO_SEATBELT_20260907_210539_255.jpg
2026-09-07 21:05:48,CAM_03_CCTV_LONG,510,SUDDEN_LANE_CHANGE,Searching Plate...,92.0%,EV_510_SUDDEN_LANE_CHANGE_20260907_210548_381.jpg
2026-09-07 21:05:50,CAM_03_CCTV_LONG,510,NO_SEATBELT,Searching Plate...,84.8%,EV_510_NO_SEATBELT_20260907_210550_372.jpg
2026-09-07 21:05:58,CAM_03_CCTV_LONG,528,NO_SEATBELT,Searching Plate...,84.8%,EV_528_NO_SEATBELT_20260907_210558_998.jpg
2026-09-07 21:06:01,CAM_03_CCTV_LONG,528,SUDDEN_LANE_CHANGE,Searching Plate...,92.0%,EV_528_SUDDEN_LANE_CHANGE_20260907_210601_323.jpg
2026-09-07 21:06:07,CAM_03_CCTV_LONG,534,NO_SEATBELT,Searching Plate...,84.8%,EV_534_NO_SEATBELT_20260907_210607_577.jpg
2026-09-07 21:06:11,CAM_03_CCTV_LONG,534,SUDDEN_LANE_CHANGE,Searching Plate...,92.0%,EV_534_SUDDEN_LANE_CHANGE_20260907_210611_895.jpg
2026-09-07 21:06:15,CAM_03_CCTV_LONG,544,NO_SEATBELT,Searching Plate...,84.8%,EV_544_NO_SEATBELT_20260907_210615_843.jpg
2026-09-07 21:11:59,CAM_01_URBAN_4K,6,NO_SEATBELT,Searching Plate...,84.8%,EV_6_NO_SEATBELT_20260907_211159_746.jpg
2026-09-07 21:12:02,CAM_01_URBAN_4K,8,NO_SEATBELT,Searching Plate...,84.8%,EV_8_NO_SEATBELT_20260907_211202_151.jpg
2026-09-07 21:12:02,CAM_01_URBAN_4K,9,NO_SEATBELT,Searching Plate...,84.8%,EV_9_NO_SEATBELT_20260907_211202_679.jpg
2026-09-07 21:12:03,CAM_01_URBAN_4K,10,NO_SEATBELT,Searching Plate...,84.8%,EV_10_NO_SEATBELT_20260907_211203_246.jpg
2026-09-07 21:12:03,CAM_01_URBAN_4K,11,NO_SEATBELT,Searching Plate...,84.8%,EV_11_NO_SEATBELT_20260907_211203_806.jpg
2026-09-07 21:12:04,CAM_01_URBAN_4K,12,NO_SEATBELT,Searching Plate...,84.8%,EV_12_NO_SEATBELT_20260907_211204_404.jpg
2026-09-07 21:12:05,CAM_01_URBAN_4K,13,NO_SEATBELT,Searching Plate...,84.8%,EV_13_NO_SEATBELT_20260907_211205_216.jpg
2026-09-07 21:13:33,CAM_01_URBAN_4K,16,NO_SEATBELT,Searching Plate...,84.8%,EV_16_NO_SEATBELT_20260907_211333_306.jpg
2026-09-07 21:14:17,CAM_01_URBAN_4K,4,NO_SEATBELT,Searching Plate...,84.8%,EV_4_NO_SEATBELT_20260907_211417_735.jpg
2026-09-07 21:15:17,CAM_01_URBAN_4K,3,SUDDEN_LANE_CHANGE,Searching Plate...,92.0%,EV_3_SUDDEN_LANE_CHANGE_20260907_211517_979.jpg
2026-09-07 21:15:21,CAM_01_URBAN_4K,7,SUDDEN_LANE_CHANGE,ECV1,92.0%,EV_7_SUDDEN_LANE_CHANGE_20260907_211521_998.jpg
2026-09-07 21:15:28,CAM_01_URBAN_4K,17,NO_SEATBELT,PJWL71,84.8%,EV_17_NO_SEATBELT_20260907_211528_761.jpg
2026-09-07 21:15:30,CAM_01_URBAN_4K,20,NO_SEATBELT,Searching Plate...,84.8%,EV_20_NO_SEATBELT_20260907_211530_434.jpg
2026-09-07 21:16:04,CAM_01_URBAN_4K,17,SUDDEN_LANE_CHANGE,PJWL71,92.0%,EV_17_SUDDEN_LANE_CHANGE_20260907_211604_853.jpg
2026-09-07 21:16:51,CAM_01_URBAN_4K,33,NO_SEATBELT,Searching Plate...,84.8%,EV_33_NO_SEATBELT_20260907_211651_584.jpg
2026-09-07 21:17:05,CAM_01_URBAN_4K,10,NO_SEATBELT,Searching Plate...,84.8%,EV_10_NO_SEATBELT_20260907_211705_012.jpg
2026-09-07 21:17:18,CAM_01_URBAN_4K,39,NO_SEATBELT,Searching Plate...,84.8%,EV_39_NO_SEATBELT_20260907_211718_773.jpg
2026-09-07 21:17:18,CAM_01_URBAN_4K,40,NO_SEATBELT,Searching Plate...,84.8%,EV_40_NO_SEATBELT_20260907_211718_974.jpg
2026-09-07 21:18:45,CAM_01_URBAN_4K,60,NO_SEATBELT,Searching Plate...,84.8%,EV_60_NO_SEATBELT_20260907_211845_945.jpg
2026-09-07 21:19:11,CAM_01_URBAN_4K,69,NO_SEATBELT,Searching Plate...,84.8%,EV_69_NO_SEATBELT_20260907_211911_438.jpg
2026-09-07 21:19:21,CAM_01_URBAN_4K,5,NO_SEATBELT,S7E5,84.8%,EV_5_NO_SEATBELT_20260907_211921_486.jpg
2026-09-07 21:19:25,CAM_01_URBAN_4K,2,NO_SEATBELT,Searching Plate...,84.8%,EV_2_NO_SEATBELT_20260907_211925_416.jpg
2026-09-07 21:19:43,CAM_01_URBAN_4K,7,NO_SEATBELT,ECV1,84.8%,EV_7_NO_SEATBELT_20260907_211943_297.jpg
2026-09-07 21:20:13,CAM_01_URBAN_4K,1,NO_SEATBELT,Searching Plate...,84.8%,EV_1_NO_SEATBELT_20260907_212013_811.jpg
2026-09-07 21:22:24,CAM_01_URBAN_4K,102,NO_SEATBELT,Searching Plate...,84.8%,EV_102_NO_SEATBELT_20260907_212224_028.jpg
2026-09-07 21:23:23,WEBCAM_0_LIVE,111,PHONE_USAGE,N/A (Rider/Ped),89.4%,EV_111_PHONE_USAGE_20260907_212323_250.jpg
2026-09-07 21:25:59,WEBCAM_0_LIVE,205,PHONE_USAGE,N/A (Rider/Ped),89.4%,EV_205_PHONE_USAGE_20260907_212559_644.jpg
2026-09-07 21:27:39,WEBCAM_0_LIVE,348,TRIPLE_RIDING,Searching Plate...,94.5%,EV_348_TRIPLE_RIDING_20260907_212739_889.jpg
2026-09-07 21:27:39,WEBCAM_0_LIVE,348,NO_HELMET,Searching Plate...,88.5%,EV_348_NO_HELMET_20260907_212739_931.jpg
2026-09-07 21:27:48,WEBCAM_0_LIVE,313,PHONE_USAGE,N/A (Rider/Ped),89.4%,EV_313_PHONE_USAGE_20260907_212748_959.jpg
2026-09-07 21:28:50,WEBCAM_0_LIVE,455,TRIPLE_RIDING,Searching Plate...,94.5%,EV_455_TRIPLE_RIDING_20260907_212850_186.jpg
2026-09-07 21:29:09,WEBCAM_0_LIVE,484,PHONE_USAGE,N/A (Rider/Ped),89.4%,EV_484_PHONE_USAGE_20260907_212909_104.jpg
2026-09-07 21:29:54,WEBCAM_0_LIVE,523,PHONE_USAGE,N/A (Rider/Ped),89.4%,EV_523_PHONE_USAGE_20260907_212954_342.jpg
2026-09-07 21:32:54,CAM_02_HIGHWAY,754,NO_SEATBELT,Searching Plate...,84.8%,EV_754_NO_SEATBELT_20260907_213254_448.jpg
2026-09-07 21:32:54,CAM_02_HIGHWAY,762,NO_SEATBELT,MAIJMRU,84.8%,EV_762_NO_SEATBELT_20260907_213254_648.jpg
2026-09-07 21:32:56,CAM_02_HIGHWAY,764,NO_SEATBELT,Searching Plate...,84.8%,EV_764_NO_SEATBELT_20260907_213256_433.jpg
2026-09-07 21:32:56,CAM_02_HIGHWAY,765,NO_SEATBELT,7QKO,84.8%,EV_765_NO_SEATBELT_20260907_213256_474.jpg
2026-09-07 21:32:56,CAM_02_HIGHWAY,766,NO_SEATBELT,WSLCU,84.8%,EV_766_NO_SEATBELT_20260907_213256_545.jpg
2026-09-07 21:32:57,CAM_02_HIGHWAY,767,NO_SEATBELT,Searching Plate...,84.8%,EV_767_NO_SEATBELT_20260907_213257_389.jpg
2026-09-07 21:32:58,CAM_02_HIGHWAY,768,NO_SEATBELT,Searching Plate...,84.8%,EV_768_NO_SEATBELT_20260907_213258_004.jpg
2026-09-07 21:33:00,CAM_02_HIGHWAY,769,NO_SEATBELT,Searching Plate...,84.8%,EV_769_NO_SEATBELT_20260907_213300_041.jpg
2026-09-07 21:33:00,CAM_02_HIGHWAY,771,NO_SEATBELT,Searching Plate...,84.8%,EV_771_NO_SEATBELT_20260907_213300_568.jpg
2026-09-07 21:33:00,CAM_02_HIGHWAY,772,NO_SEATBELT,Searching Plate...,84.8%,EV_772_NO_SEATBELT_20260907_213300_608.jpg
2026-09-07 21:33:00,CAM_02_HIGHWAY,774,NO_SEATBELT,Searching Plate...,84.8%,EV_774_NO_SEATBELT_20260907_213300_678.jpg
2026-09-07 21:33:00,CAM_02_HIGHWAY,775,NO_SEATBELT,Searching Plate...,84.8%,EV_775_NO_SEATBELT_20260907_213300_739.jpg
2026-09-07 21:33:11,CAM_02_HIGHWAY,763,NO_SEATBELT,Searching Plate...,84.8%,EV_763_NO_SEATBELT_20260907_213311_608.jpg
2026-09-07 21:33:17,CAM_02_HIGHWAY,779,NO_SEATBELT,Searching Plate...,84.8%,EV_779_NO_SEATBELT_20260907_213317_401.jpg
2026-09-07 21:33:36,CAM_02_HIGHWAY,781,NO_SEATBELT,Searching Plate...,84.8%,EV_781_NO_SEATBELT_20260907_213336_144.jpg
2026-09-07 21:33:58,CAM_02_HIGHWAY,787,NO_SEATBELT,Searching Plate...,84.8%,EV_787_NO_SEATBELT_20260907_213358_681.jpg
2026-09-07 21:34:06,CAM_02_HIGHWAY,788,NO_SEATBELT,Searching Plate...,84.8%,EV_788_NO_SEATBELT_20260907_213406_097.jpg
2026-09-07 21:34:13,CAM_02_HIGHWAY,790,NO_SEATBELT,Searching Plate...,84.8%,EV_790_NO_SEATBELT_20260907_213413_601.jpg
2026-09-07 21:34:33,CAM_02_HIGHWAY,801,NO_SEATBELT,Searching Plate...,84.8%,EV_801_NO_SEATBELT_20260907_213433_223.jpg
2026-09-07 21:36:39,WEBCAM_1_EXTERNAL,832,PHONE_USAGE,N/A (Rider/Ped),89.4%,EV_832_PHONE_USAGE_20260907_213639_421.jpg
2026-09-07 21:37:30,WEBCAM_1_EXTERNAL,865,NO_SEATBELT,Searching Plate...,84.8%,EV_865_NO_SEATBELT_20260907_213730_989.jpg
2026-09-07 21:37:31,WEBCAM_1_EXTERNAL,858,NO_SEATBELT,Searching Plate...,84.8%,EV_858_NO_SEATBELT_20260907_213731_674.jpg
